id,industry,region,digipay,electricity,informalp,land,crime,taxrate,taxadmin,license,corruption,labor
10001,47,1,1,0,1,1,1,1,1,1,1,1
10009,47,1,2,1,1,1,1,1,1,1,1,1
10011,41,1,1,1,1,1,1,1,1,1,1,1
10012,29,1,1,1,1,1,1,1,1,1,1,1
10017,25,1,1,1,0,1,0,0,0,1,1,2
10018,10,1,1,0,0,1,1,0,0,2,1,2
10019,47,1,1,2,0,1,0,0,0,1,2,0
10021,16,1,2,1,0,0,1,1,1,1,0,0
10028,47,1,2,1,1,1,1,1,1,1,1,1
10029,47,1,2,1,1,1,1,1,1,1,1,1
10033,47,1,2,1,1,1,1,2,2,2,1,1
10034,47,1,1,1,1,1,0,1,1,1,0,0
10042,47,1,1,1,1,0,0,1,1,1,1,0
10043,47,1,1,1,1,1,1,1,1,1,1,1
10046,47,1,1,1,1,1,1,1,1,1,1,1
10056,47,1,2,1,1,1,1,1,1,1,1,1
10057,47,1,2,1,1,1,1,1,1,1,1,1
10059,29,1,1,1,1,1,2,2,2,2,2,2
10066,47,1,1,1,1,1,1,1,1,1,1,1
10068,47,1,2,1,1,1,1,1,1,1,1,1
10075,47,1,1,2,0,2,2,0,0,2,2,1
10084,14,1,1,1,2,1,2,0,0,0,1,1
10089,47,1,1,1,1,0,0,1,1,1,0,0
10094,47,1,2,1,1,1,1,2,2,2,1,1
10100,47,1,2,0,1,2,1,1,1,1,1,0
10103,41,1,2,1,1,1,1,1,1,1,1,1
10106,47,1,2,1,1,1,1,1,1,1,1,1
10111,47,1,1,1,1,0,0,1,1,0,0,0
10124,47,1,2,1,1,1,1,1,1,1,1,1
10128,10,1,1,1,1,0,0,1,1,1,0,0
10132,14,1,2,1,1,1,1,1,1,1,1,1
10134,47,1,2,1,1,1,1,1,1,1,1,1
10135,29,1,1,1,1,1,1,1,1,1,1,1
10143,25,1,1,0,1,0,0,0,1,1,1,0
10148,47,1,1,0,1,1,1,0,0,0,1,0
10160,47,1,1,1,1,0,0,1,1,1,1,0
10162,29,1,1,0,0,2,0,0,0,0,0,1
10178,47,1,1,1,1,0,0,1,1,1,0,0
10183,47,1,2,1,1,0,0,1,1,1,0,1
10191,41,1,2,1,1,1,1,1,1,1,1,1
10201,47,1,1,0,1,0,1,1,2,1,2,1
10206,56,1,1,0,0,0,0,0,0,0,0,1
10207,47,1,1,1,1,1,1,1,1,1,1,1
10209,47,1,2,1,1,1,1,1,1,1,1,1
10211,47,1,2,1,1,1,1,1,1,1,1,1
10212,47,1,2,1,1,1,1,1,1,1,1,1
10213,47,1,2,1,1,1,1,1,1,1,1,1
10215,47,1,1,1,1,0,0,1,1,1,0,0
10216,13,1,2,1,0,1,2,1,1,1,2,1
10222,47,1,2,1,1,1,1,1,1,1,1,1
10224,47,1,2,1,1,1,1,1,1,1,1,1
10230,47,1,1,1,1,0,0,1,1,1,0,0
10236,47,1,1,1,1,0,0,1,1,1,0,0
10238,47,1,1,2,0,1,2,0,0,0,2,1
10240,47,1,2,1,1,1,1,1,1,1,1,1
10241,47,1,2,1,1,0,0,1,1,1,0,1
10245,47,1,2,1,1,1,1,1,1,1,1,1
10251,41,1,1,1,1,0,1,1,0,1,1,1
10256,47,1,1,1,1,1,1,1,1,1,1,1
10257,47,1,2,1,1,1,1,1,1,1,1,1
10264,47,1,1,1,1,1,1,1,2,1,2,1
10276,16,1,1,4,3,0,1,0,2,0,1,0
10281,47,1,2,1,1,1,1,1,1,1,1,1
10288,16,1,2,1,1,1,1,1,1,1,1,1
10289,16,1,2,1,1,1,1,1,1,1,1,1
10290,56,1,2,1,1,1,1,1,1,1,1,1
10291,47,1,1,1,1,1,1,1,1,1,1,1
10293,41,1,2,1,1,1,1,1,1,1,1,1
10297,47,1,2,1,1,1,1,1,1,1,1,1
10308,47,1,1,0,0,1,0,0,0,0,0,1
10309,47,1,2,1,1,1,1,1,1,1,1,1
10318,47,1,1,1,1,0,0,1,1,1,1,0
10319,47,1,1,1,1,0,0,1,1,1,0,0
10339,47,1,2,1,1,1,1,1,1,1,1,1
10341,47,1,2,1,1,1,1,1,1,1,1,1
10342,47,1,1,1,1,1,1,1,1,1,1,1
10350,47,1,1,1,1,0,0,1,1,1,0,0
10354,25,1,2,1,1,0,0,1,1,1,0,0
10357,47,1,2,1,1,0,0,1,1,1,0,0
10367,41,1,2,1,1,0,1,1,1,1,1,1
10372,47,1,2,1,1,1,1,1,1,1,1,1
10378,47,1,2,0,1,1,2,0,0,0,1,1
10381,16,1,1,0,0,0,0,0,0,2,1,1
10385,47,1,2,1,1,1,1,1,1,1,1,1
10386,10,1,1,0,0,1,0,0,0,0,2,1
10388,47,1,1,0,0,1,0,0,0,0,2,1
10392,47,1,1,0,0,2,0,0,0,0,1,1
10397,47,1,1,0,0,1,2,0,0,2,2,2
10400,47,1,1,1,1,0,0,1,1,1,0,0
10402,47,1,2,1,1,1,1,1,1,1,1,1
10423,10,1,2,1,1,1,1,1,1,1,1,1
10424,47,1,2,1,1,1,1,1,1,1,1,1
10429,47,1,1,2,2,2,2,0,0,2,1,2
10430,47,1,2,1,1,1,1,1,1,1,1,1
10435,12,1,2,0,0,1,1,1,1,1,1,1
10440,47,1,1,0,0,0,0,0,0,0,0,0
10442,47,1,2,1,1,1,1,1,1,1,1,1
10448,47,1,1,1,1,1,0,2,2,1,0,0
10451,47,1,1,1,1,1,1,1,1,1,1,1
10453,47,1,2,1,0,1,1,1,1,1,1,1
10461,47,1,1,1,1,1,1,1,0,1,1,1
10462,10,1,2,1,1,1,1,1,1,1,1,1
10466,47,1,2,1,1,1,1,1,1,1,1,1
10469,12,1,1,2,2,2,2,2,0,2,2,2
10470,47,1,1,1,1,0,0,1,1,1,0,0
10472,41,1,2,1,1,1,1,1,1,1,1,1
10477,10,1,1,2,2,0,2,0,0,0,1,1
10480,56,1,2,1,1,1,1,1,1,1,1,1
10485,47,1,1,1,1,1,1,0,1,1,1,1
10488,47,1,2,1,1,1,1,2,1,2,1,1
10492,47,1,1,1,1,1,1,1,1,1,1,1
10495,47,1,2,1,1,1,1,1,1,1,1,1
10496,47,1,2,1,1,1,1,1,1,1,1,1
10502,10,1,2,1,1,1,1,1,1,1,1,1
10503,47,1,1,1,1,0,0,1,1,1,0,0
10521,47,1,1,1,1,1,1,1,1,1,1,1
10523,47,1,1,2,2,2,2,2,2,2,2,2
10528,10,1,1,2,4,2,2,1,0,2,1,2
20007,47,2,1,0,0,0,0,0,0,0,0,0
20011,47,2,1,0,0,0,1,0,0,0,0,0
20012,47,2,1,0,0,0,0,0,1,0,0,0
20018,56,2,1,0,1,0,0,0,0,0,0,0
20021,47,2,1,0,0,0,0,0,0,0,0,0
20028,47,2,1,0,0,0,0,0,0,0,0,0
20061,47,2,1,2,1,3,1,2,2,2,2,2
20089,10,2,1,1,2,2,3,3,0,1,3,0
20106,10,2,1,0,0,0,0,0,0,0,0,0
20128,95,2,1,0,2,1,1,2,2,2,3,3
20135,47,2,2,1,3,1,2,3,3,2,2,3
20172,47,2,1,0,2,2,2,3,3,2,2,0
20176,56,2,1,2,2,3,1,4,3,4,1,1
20210,47,2,2,3,1,1,2,3,2,2,2,2
20273,55,2,1,1,3,2,0,4,4,4,2,0
20280,47,2,1,2,3,3,1,2,2,3,2,2
20291,47,2,1,1,1,1,1,1,4,2,4,2
20318,55,2,2,1,1,2,3,2,2,1,3,2
20342,47,2,1,0,0,0,0,0,0,0,0,0
20392,56,2,1,0,0,0,0,0,0,0,0,0
20397,47,2,1,1,3,3,0,3,2,3,3,0
20398,58,2,2,1,1,1,3,3,2,4,2,3
20407,55,2,2,2,2,1,2,2,2,1,3,2
20446,13,2,1,2,1,1,1,1,3,1,2,2
20451,47,2,1,2,1,1,1,2,2,2,3,2
20462,47,2,2,1,1,1,1,1,1,2,2,2
20477,47,2,1,2,2,1,1,2,2,1,2,1
20480,47,2,1,0,1,1,0,0,0,0,0,0
20485,13,2,1,2,2,3,3,4,3,3,3,4
20496,47,2,1,0,0,0,0,0,0,0,1,0
20503,47,2,1,1,0,0,0,0,0,0,0,0
20511,47,2,1,0,1,0,0,4,3,2,2,2
20568,47,2,1,3,0,0,0,0,0,0,0,0
20619,47,2,1,1,1,1,2,2,3,2,1,3
20653,47,2,1,2,2,2,1,2,2,2,3,1
20663,47,2,1,0,2,0,1,3,0,1,2,2
20674,47,2,2,3,2,1,2,2,3,2,3,1
20703,47,2,2,2,2,2,3,2,2,3,3,3
20710,47,2,1,1,1,2,3,2,3,2,4,2
20750,47,2,2,2,2,2,3,2,3,3,3,3
20756,45,2,1,0,1,1,1,1,1,1,1,1
20757,47,2,2,0,4,0,0,3,3,3,3,3
20760,47,2,1,2,1,0,0,4,3,4,3,2
20788,47,2,1,0,2,1,2,2,2,1,3,2
20807,47,2,2,1,3,1,2,3,3,3,3,2
20810,47,2,2,2,2,2,2,1,1,1,1,2
20812,47,2,2,2,3,1,3,2,1,1,1,2
20860,47,2,1,0,1,0,0,0,0,0,0,0
20880,56,2,1,2,3,1,2,1,2,2,2,2
20886,47,2,2,1,1,1,2,2,1,2,2,2
20889,47,2,1,2,1,2,3,2,2,2,2,2
20922,45,2,1,0,0,0,0,0,0,0,0,0
20971,47,2,1,3,3,0,0,0,0,0,0,0
20972,47,2,1,1,1,0,0,0,0,0,0,0
20984,47,2,1,0,0,0,0,0,0,0,0,0
20990,47,2,2,1,3,0,0,4,3,4,1,0
21014,47,2,2,2,1,3,2,4,4,3,3,2
21019,47,2,1,0,0,0,0,0,0,0,0,0
21022,49,2,2,3,1,3,2,2,2,2,1,1
21074,47,2,1,1,0,0,0,2,1,0,2,0
21086,47,2,2,2,2,3,1,4,3,3,3,2
21128,47,2,1,0,0,0,0,0,0,1,0,0
21133,47,2,2,2,4,1,3,3,2,4,2,2
21162,47,2,1,1,2,0,2,4,4,3,1,2
21163,47,2,1,1,2,2,1,4,4,3,3,2
21166,47,2,1,0,0,0,0,4,2,2,2,2
21193,56,2,1,0,0,0,0,0,0,0,0,0
21227,47,2,1,1,3,2,4,4,1,4,3,3
21256,47,2,1,0,4,3,1,3,4,3,1,3
21261,47,2,2,0,2,2,0,4,3,4,4,0
21266,47,2,1,3,3,4,4,4,4,1,4,1
21269,47,2,2,3,2,4,4,3,4,3,4,3
21311,47,2,1,0,0,0,0,0,0,0,0,0
21328,47,2,2,2,2,1,2,3,3,3,1,3
21337,47,2,2,2,2,1,2,4,3,4,3,2
21352,47,2,1,0,1,0,0,4,2,3,1,2
21361,47,2,2,2,2,0,2,1,1,2,1,3
21373,47,2,2,3,1,1,4,1,3,3,2,4
21376,47,2,1,0,0,1,0,2,0,3,0,0
21399,13,2,2,4,2,2,2,3,2,1,3,2
21408,47,2,1,2,1,2,3,3,4,3,4,4
21413,47,2,2,1,3,1,2,3,1,1,2,2
21429,47,2,2,0,0,0,0,0,0,0,0,0
21434,47,2,1,0,1,3,0,3,3,3,1,0
21439,47,2,1,4,2,3,1,3,1,2,3,2
21452,47,2,2,3,2,3,2,3,4,3,1,4
21461,56,2,1,0,2,1,0,0,0,0,0,0
21470,47,2,1,1,2,0,2,3,4,1,2,2
21482,47,2,1,0,0,0,0,0,0,0,0,1
21493,47,2,1,3,2,4,2,2,3,3,3,3
21495,56,2,2,0,0,0,0,0,0,0,0,0
21513,17,2,1,3,1,2,3,3,3,1,2,1
21520,47,2,1,0,0,0,0,0,0,0,0,0
21524,55,2,1,0,0,0,0,0,0,0,0,0
21538,47,2,1,3,1,1,3,3,1,1,3,1
21564,47,2,1,0,0,0,0,0,0,0,0,0
21575,47,2,1,0,0,0,0,0,0,0,0,0
21590,47,2,2,0,0,2,1,2,0,1,3,1
21605,56,2,1,0,0,0,0,0,0,0,0,0
21654,47,2,1,3,3,1,2,4,3,2,1,2
21678,45,2,2,2,2,1,2,3,2,2,1,3
21694,55,2,1,0,0,0,0,0,0,0,0,0
21696,47,2,1,0,0,0,0,0,0,0,0,0
21700,10,2,2,3,3,4,0,4,4,4,2,1
21702,47,2,1,1,2,1,1,3,2,1,3,2
21714,47,2,1,0,1,0,1,0,1,0,0,0
21716,47,2,2,2,2,1,3,1,2,2,2,1
21723,47,2,1,2,2,4,3,4,4,3,2,3
21726,47,2,1,0,0,0,0,0,0,0,0,0
30005,13,3,1,3,3,2,2,1,3,2,0,3
30010,47,3,1,1,1,1,1,1,2,1,1,1
30011,47,3,2,0,1,1,1,1,0,1,1,0
30012,47,3,1,1,1,1,0,0,2,1,0,1
30018,12,3,1,1,1,1,1,0,1,2,1,0
30019,45,3,1,1,1,1,0,0,0,0,1,0
30021,14,3,1,0,0,1,1,0,1,1,2,1
30026,32,3,1,0,2,0,0,2,2,3,1,0
30031,32,3,2,0,0,0,1,0,0,0,1,0
30034,12,3,2,1,1,1,0,1,1,1,3,0
30042,14,3,1,3,0,1,1,2,3,3,1,0
30043,32,3,1,1,1,1,0,1,0,2,1,1
30046,47,3,2,0,1,1,1,0,0,1,1,0
30054,45,3,2,0,1,1,0,0,0,1,1,0
30055,10,3,1,2,1,0,1,1,0,0,1,0
30059,45,3,2,1,0,1,1,1,1,0,3,0
30065,32,3,1,1,1,1,2,3,0,1,1,1
30068,32,3,2,1,1,0,1,1,1,2,1,3
30073,14,3,1,1,1,2,1,0,1,0,4,0
30074,32,3,1,1,0,1,0,3,1,0,1,0
30084,56,3,1,1,1,1,1,1,0,0,2,0
30089,45,3,2,0,0,1,0,0,0,1,1,0
30092,47,3,2,1,1,1,2,0,1,1,1,2
30093,10,3,2,0,0,1,1,1,1,1,1,0
30100,47,3,2,0,1,0,1,0,1,0,1,0
30112,56,3,1,1,0,1,3,1,1,2,1,0
30114,10,3,2,0,0,1,0,0,0,0,1,0
30127,49,3,2,0,1,1,0,0,0,0,0,0
30128,49,3,2,0,0,0,0,1,2,0,1,0
30130,95,3,2,0,0,0,0,0,1,0,0,0
30135,47,3,1,0,1,1,1,1,1,0,0,0
30143,15,3,2,0,1,1,1,1,0,1,0,0
30149,32,3,2,0,0,0,2,0,1,1,0,0
30161,31,3,1,1,2,1,2,1,1,0,1,3
30162,12,3,1,2,1,1,1,1,2,1,1,1
30163,23,3,1,1,1,0,0,1,2,0,0,0
30167,45,3,2,0,0,0,0,1,1,1,0,0
30172,45,3,2,0,0,1,1,0,0,1,1,1
30178,58,3,1,2,1,3,2,0,1,3,0,1
30183,47,3,1,0,1,1,1,1,0,1,1,0
30194,16,3,1,2,1,2,1,0,0,2,1,0
30201,47,3,2,0,1,1,0,1,1,0,3,1
30211,45,3,1,2,1,1,0,1,1,1,0,0
30212,13,3,1,3,1,1,1,0,1,2,1,0
30224,47,3,1,1,1,0,1,0,1,2,0,0
30226,47,3,1,2,1,1,1,1,1,1,1,1
30230,47,3,1,1,0,1,1,1,1,1,0,0
30236,47,3,1,1,0,0,1,0,2,0,0,0
30240,47,3,1,1,1,0,1,0,1,0,1,1
30241,32,3,1,0,0,1,1,0,0,1,2,0
30250,32,3,1,2,1,1,2,1,3,1,1,1
30251,25,3,1,0,1,0,1,2,1,0,0,0
30256,22,3,2,1,2,1,0,0,1,0,0,3
30257,32,3,1,1,0,0,1,0,1,1,0,1
30258,18,3,2,0,0,1,1,0,1,1,0,0
30259,47,3,1,1,1,1,1,2,0,1,1,1
30264,49,3,1,1,1,0,0,1,1,1,2,1
30281,47,3,2,1,1,0,1,1,1,0,1,2
30284,32,3,2,0,0,1,0,1,1,0,1,1
30285,47,3,2,0,0,0,1,0,0,1,0,1
30286,41,3,2,0,0,0,0,0,0,3,0,0
30287,24,3,1,0,0,3,2,3,2,3,0,2
30291,47,3,1,1,1,1,0,0,0,1,1,1
30297,45,3,1,1,1,1,1,0,2,0,1,1
30309,47,3,1,2,1,1,0,0,2,0,0,2
30318,27,3,2,1,1,1,2,0,0,2,1,1
30327,31,3,1,0,0,0,1,0,1,1,2,1
30328,47,3,1,1,1,1,0,1,1,1,0,0
30329,13,3,2,1,1,1,1,0,0,1,1,2
30342,58,3,1,2,1,1,1,3,1,3,0,2
30365,14,3,2,0,0,0,1,0,0,0,0,0
30367,45,3,2,0,0,1,0,0,0,0,0,0
30369,47,3,2,0,0,0,1,0,1,0,0,1
30372,32,3,1,1,1,1,1,0,1,0,2,1
30387,41,3,2,0,0,0,0,1,0,0,1,0
30392,47,3,1,1,0,1,0,1,0,1,0,0
30404,45,3,1,2,1,1,1,0,0,1,2,2
30414,45,3,2,0,0,0,0,0,1,0,0,0
30415,47,3,2,0,1,0,0,2,0,1,0,0
30440,47,3,2,1,1,0,0,0,0,1,0,0
30453,32,3,2,1,1,0,0,0,0,1,2,0
30461,47,3,2,0,0,1,0,0,0,0,0,0
30462,47,3,2,0,0,0,0,0,1,1,0,0
30470,31,3,1,0,1,1,1,0,3,0,1,0
30472,13,3,1,1,1,4,2,0,0,1,0,0
30475,10,3,1,1,2,0,0,0,1,0,0,1
30476,47,3,1,1,0,0,0,0,1,0,1,0
30487,32,3,2,2,1,1,1,1,1,1,1,1
30488,47,3,2,0,0,0,0,0,0,0,0,0
30492,45,3,2,0,0,0,0,0,0,0,0,0
30496,47,3,2,0,1,0,0,0,1,1,1,0
30502,49,3,1,1,1,0,1,1,2,1,0,4
30503,41,3,1,2,1,4,1,2,1,1,0,1
30521,45,3,2,0,0,0,0,0,0,0,0,0
30528,32,3,2,1,1,1,1,2,0,0,1,1
30533,32,3,2,0,0,1,1,1,1,0,1,0
30537,45,3,2,1,0,1,0,0,0,0,0,0
30539,47,3,1,1,0,1,0,2,1,1,0,0
30547,47,3,1,0,0,0,0,0,0,0,0,0
30557,47,3,1,2,1,1,1,0,0,1,2,2
30558,47,3,2,0,0,0,1,1,0,1,0,0
30561,47,3,2,0,0,2,0,1,0,0,1,0
30566,49,3,1,1,1,0,1,0,1,1,0,1
30568,45,3,1,2,3,2,2,0,3,1,0,1
40007,47,4,1,2,1,2,2,1,2,1,2,2
40009,13,4,1,2,0,0,1,1,1,1,0,1
40011,47,4,1,0,2,3,2,2,2,3,2,2
40019,47,4,1,0,0,0,0,0,0,0,0,0
40021,47,4,1,2,2,2,2,2,2,2,3,2
40026,13,4,1,0,0,0,0,0,0,0,0,0
40034,47,4,1,3,0,0,0,0,0,0,0,0
40042,47,4,2,0,0,0,0,0,0,0,0,0
40043,47,4,2,0,0,0,0,0,0,0,0,0
40046,47,4,2,0,0,0,0,0,0,0,0,0
40052,10,4,1,0,0,0,0,0,0,0,0,0
40053,31,4,2,0,0,0,0,0,0,0,0,0
40057,56,4,1,0,0,0,0,0,0,0,0,0
40059,47,4,1,1,1,1,1,2,0,1,2,1
40072,14,4,2,0,0,0,0,0,0,0,0,0
40079,25,4,2,0,0,0,0,0,0,0,0,0
40084,95,4,1,3,1,1,1,1,1,1,2,1
40089,56,4,1,1,1,1,0,1,0,0,1,1
40090,13,4,2,0,0,0,0,0,0,0,0,0
40098,10,4,2,0,0,0,0,0,0,0,0,0
40100,10,4,1,2,2,2,2,2,2,1,2,1
40101,14,4,1,0,0,0,0,0,0,0,0,0
40103,31,4,1,2,2,1,0,1,0,0,0,2
40105,22,4,1,1,0,0,0,0,1,1,0,0
40106,41,4,1,2,2,0,2,2,2,2,2,2
40112,47,4,1,2,1,2,2,1,1,2,1,2
40135,47,4,1,0,0,0,0,0,0,0,0,0
40140,47,4,2,0,0,0,0,0,1,0,0,0
40145,32,4,1,2,2,2,2,2,2,2,2,2
40157,16,4,1,1,2,1,1,1,1,0,0,1
40158,23,4,1,1,2,1,2,2,2,4,1,2
40159,24,4,2,0,0,0,0,0,0,0,0,0
40161,17,4,2,0,0,0,0,0,0,0,0,0
40163,14,4,2,0,0,0,0,0,0,0,0,0
40164,16,4,1,2,2,1,2,2,2,1,2,1
40172,13,4,1,1,1,0,0,0,1,0,0,0
40174,10,4,1,0,2,2,1,1,1,2,2,2
40181,13,4,1,2,2,2,2,2,2,2,2,2
40183,47,4,2,0,0,0,0,0,0,0,0,0
40191,47,4,1,0,0,0,0,0,0,0,0,0
40201,47,4,1,0,0,0,0,0,0,0,0,0
40208,13,4,2,0,0,0,0,0,1,1,1,0
40209,13,4,2,0,0,0,0,0,0,0,0,0
40212,47,4,1,2,2,2,2,1,0,2,1,1
40213,23,4,1,2,2,2,2,2,4,2,4,1
40215,47,3,1,0,0,0,0,0,0,0,0,0
40225,31,4,1,2,1,2,2,2,2,2,2,2
40258,47,4,2,0,0,0,0,0,0,0,0,0
40273,13,4,1,2,1,1,2,2,0,1,1,2
40281,47,4,2,0,0,0,0,0,0,0,0,0
40288,13,4,2,0,0,0,0,0,0,0,0,0
40291,47,4,1,0,0,0,0,0,0,0,0,0
40297,47,4,1,2,2,2,2,2,2,4,2,2
40300,13,4,2,0,0,0,0,0,0,0,0,0
40308,24,4,2,0,0,0,0,1,0,0,0,0
40318,47,4,1,0,1,1,2,1,2,2,2,2
40342,31,4,2,1,0,0,0,0,1,2,2,2
40350,47,4,1,2,2,2,2,2,1,3,2,2
40397,13,4,1,2,2,0,0,1,2,0,2,2
40400,13,4,1,0,0,1,0,2,1,2,1,1
40402,95,4,2,0,0,0,0,0,0,0,0,0
40429,13,4,2,0,0,0,0,0,1,1,0,1
40440,47,4,2,0,0,0,0,0,0,0,0,0
40443,31,4,2,0,0,0,0,0,0,0,0,0
40446,47,4,1,2,2,2,2,1,2,2,2,2
40451,32,4,1,1,1,2,2,2,2,1,2,2
40457,56,4,2,0,0,0,0,0,0,0,0,0
40461,47,4,1,2,2,2,1,2,1,2,2,2
40469,47,4,2,0,0,0,0,0,0,0,0,0
40477,79,4,1,2,2,2,1,2,2,2,2,1
40480,79,4,1,1,1,1,0,2,1,1,0,1
40492,47,4,2,0,0,0,0,0,0,0,0,0
40493,47,4,1,0,0,0,0,0,0,0,0,0
40495,45,4,1,2,2,1,2,2,2,1,1,1
40496,47,4,1,2,0,2,2,1,1,2,0,0
40502,47,4,1,1,1,2,2,1,1,2,2,1
40503,13,4,1,2,2,1,2,1,2,2,1,2
40523,47,4,2,0,0,0,0,0,0,0,0,0
40528,47,4,1,0,0,0,0,0,0,0,0,0
40530,47,4,2,0,0,0,0,0,0,0,0,0
40533,47,4,1,2,2,2,2,2,2,2,2,2
40538,47,4,2,0,0,0,0,0,0,0,0,0
40539,47,4,2,0,0,0,0,0,0,0,0,0
40544,14,4,2,0,0,0,0,0,0,0,0,0
40547,95,4,1,1,1,1,1,1,1,1,1,1
40551,13,4,2,0,0,0,0,0,0,0,0,0
40552,13,4,2,0,0,0,0,0,0,0,0,0
40553,13,4,2,0,0,0,0,0,0,0,0,0
40554,13,4,2,0,0,0,0,0,0,0,0,0
40558,47,4,1,0,0,0,0,0,0,0,0,0
40561,47,4,1,2,1,1,2,1,2,2,2,2
40566,58,4,1,0,0,0,0,0,0,0,0,0
40568,13,4,1,2,1,2,2,1,1,2,2,2
40576,13,4,2,2,2,1,2,2,1,4,2,1
40577,24,4,2,1,1,0,0,1,2,1,1,1
40584,47,4,1,2,2,2,2,2,2,2,2,2
40588,21,4,2,0,0,1,0,1,1,0,1,2
40615,13,4,2,0,0,0,1,1,1,1,0,0
40616,13,4,2,0,0,0,0,0,0,0,0,0
40619,47,4,1,2,2,2,2,2,1,2,2,2
40624,55,4,1,2,2,2,2,2,2,2,2,1
40629,47,4,1,2,1,2,2,2,2,1,1,2
40634,79,4,2,0,1,1,1,1,1,1,1,1
40635,47,4,2,0,0,0,0,0,0,0,0,0
40642,79,4,1,1,1,0,0,1,0,1,0,1
40663,47,4,1,2,2,2,2,1,1,1,2,2
40678,32,4,1,2,1,0,2,2,2,1,2,1
40683,11,3,2,0,0,0,0,0,0,0,0,0
40690,47,4,2,0,0,0,0,0,0,0,0,1
40703,10,4,1,2,2,2,2,2,2,2,2,2
50002,32,5,2,0,0,0,0,1,1,1,0,0
50006,47,5,1,0,2,3,1,4,1,2,3,2
50007,28,5,1,1,2,2,1,3,2,1,3,2
50010,47,5,1,0,2,3,0,3,0,0,1,0
50011,47,5,1,0,0,0,0,0,0,0,0,0
50012,47,5,1,0,0,0,0,0,0,0,0,0
50017,47,5,1,1,1,2,3,2,2,2,1,2
50018,22,5,1,1,1,2,2,2,3,2,4,2
50019,47,5,1,0,1,3,0,3,0,0,2,0
50020,33,5,1,1,0,0,0,2,0,0,0,1
50021,47,5,1,0,0,0,0,3,0,0,2,0
50025,25,5,2,0,0,0,1,1,1,1,1,0
50028,26,5,1,3,3,3,1,3,0,0,0,0
50034,10,5,2,0,0,0,0,0,0,0,0,0
50036,47,5,1,0,4,0,0,0,0,0,0,0
50037,47,5,1,0,0,0,0,0,0,0,0,2
50042,47,5,1,1,3,2,2,3,2,1,3,2
50043,47,5,1,2,0,2,2,2,2,2,3,2
50045,47,5,1,0,0,0,0,3,0,0,0,0
50046,47,5,1,0,0,0,0,2,0,0,0,0
50047,31,5,1,0,0,1,0,0,0,0,1,0
50051,32,5,1,3,3,3,0,3,0,1,2,0
50053,47,5,1,0,0,0,0,1,0,0,1,0
50054,47,5,1,1,1,3,1,3,0,1,2,2
50055,47,5,1,0,0,0,0,0,0,1,1,0
50056,47,5,1,0,0,0,0,0,0,1,0,0
50057,47,5,1,0,0,0,0,1,0,0,1,0
50059,47,5,1,1,1,2,1,3,1,2,2,2
50061,47,5,1,0,1,0,0,3,0,0,0,0
50062,47,5,1,0,0,0,0,0,0,0,1,0
50063,47,5,1,0,0,0,0,0,0,1,0,0
50064,32,5,2,1,1,1,1,0,0,0,0,0
50065,47,5,1,0,0,0,0,3,0,1,2,1
50070,32,5,1,0,1,1,0,0,1,0,1,0
50071,47,5,1,0,0,0,0,0,0,0,0,0
50073,24,5,1,0,0,2,0,2,0,0,1,0
50075,13,5,1,3,3,3,1,3,0,0,2,0
50077,47,5,1,0,0,3,0,2,0,0,2,1
50078,32,5,1,0,0,0,0,0,0,0,0,0
50081,49,5,1,1,1,1,2,3,3,2,2,0
50084,47,5,2,1,1,1,1,3,1,2,1,1
50088,47,5,1,0,1,3,0,3,0,0,0,1
50089,47,5,2,0,0,0,0,1,1,1,1,1
50090,49,5,1,0,2,0,2,3,0,0,0,1
50092,16,5,1,3,3,3,0,4,2,0,4,0
50093,49,5,1,0,2,0,0,4,0,0,1,1
50094,58,5,1,3,3,3,0,3,1,0,3,0
50097,28,5,1,1,0,0,0,1,0,0,0,0
50099,47,5,1,0,1,3,0,2,0,0,0,1
50100,32,5,2,0,0,0,0,0,0,0,0,0
50102,47,5,1,0,0,0,0,0,0,1,0,0
50103,32,5,1,0,0,0,0,0,0,0,0,0
50106,10,5,1,1,3,3,0,3,0,0,3,0
50108,22,5,1,0,0,0,0,0,0,0,0,3
50111,49,5,1,0,0,0,0,3,0,0,1,0
50112,49,5,1,1,0,0,0,3,0,0,1,1
50114,47,5,1,1,1,1,2,2,2,1,3,1
50119,47,5,1,1,2,0,0,4,2,1,2,0
50126,49,5,1,0,0,0,0,2,0,0,1,0
50127,56,5,1,1,1,1,1,3,2,1,1,2
50128,56,5,1,0,3,2,2,2,0,0,1,2
50130,56,5,1,0,3,3,1,4,2,2,4,2
50134,47,5,1,1,0,2,0,2,0,0,0,1
50135,49,5,1,0,0,0,0,3,0,0,2,0
50138,47,5,1,1,1,0,1,0,0,0,0,0
50145,17,5,1,0,0,0,0,0,0,0,0,0
50150,47,5,1,0,0,0,0,2,1,0,0,0
50151,47,5,1,2,2,2,1,4,3,3,3,2
50153,49,5,1,1,2,3,1,3,2,2,3,2
50160,13,5,1,1,3,3,0,3,3,0,3,1
50162,62,5,1,1,0,3,0,0,0,0,1,0
50163,47,5,1,0,0,0,0,0,0,0,0,1
50164,24,5,1,0,0,0,0,3,2,0,2,0
50165,49,5,1,1,1,0,0,2,0,0,2,1
50172,95,5,1,1,3,3,0,3,0,0,3,0
50174,25,5,1,0,0,0,0,1,0,1,1,1
50178,32,5,1,1,2,1,1,2,0,0,2,1
50180,20,5,1,1,2,2,1,3,1,0,2,0
50182,47,5,1,0,0,0,0,4,0,1,0,1
50183,13,5,1,1,3,3,0,3,0,0,3,0
50191,55,5,1,0,0,0,0,2,0,0,2,0
50201,17,5,2,2,2,2,2,2,2,2,2,0
50206,47,5,1,0,0,1,0,3,0,0,0,0
50209,47,5,1,0,0,0,0,0,0,0,0,0
50210,47,5,1,1,1,2,2,4,4,2,3,0
50211,47,5,1,3,0,0,0,3,0,3,0,2
50212,11,5,1,0,0,0,0,0,0,0,0,0
50213,56,5,1,0,0,0,0,0,0,0,0,0
50215,13,5,1,2,2,2,2,2,3,3,2,2
50221,49,5,1,0,2,0,1,2,0,0,1,0
50222,47,5,1,1,1,2,1,3,3,3,1,2
50223,47,5,1,1,0,0,0,0,1,0,1,0
50224,79,5,1,0,1,0,0,3,0,0,2,1
50227,79,5,1,0,0,2,0,4,0,0,2,0
50230,47,5,1,0,0,0,0,2,0,0,0,0
50235,41,5,1,1,3,3,0,3,1,0,3,0
50236,22,5,1,2,3,3,3,1,2,3,3,0
50238,47,5,1,1,0,2,0,2,0,0,0,0
50241,47,5,2,0,0,0,0,1,0,0,1,0
50247,79,5,1,1,3,1,1,3,3,2,4,2
50251,31,5,1,0,0,0,0,0,0,0,0,0
50255,47,5,1,0,2,2,1,4,0,0,1,1
50256,32,5,1,1,3,3,0,3,1,1,3,0
50257,49,5,1,0,0,0,0,1,1,1,0,0
50258,49,5,1,0,2,2,0,3,2,2,3,2
50259,47,5,1,1,3,3,0,3,2,0,3,0
50264,49,5,1,0,0,0,0,3,0,0,0,1
60007,28,6,1,1,1,1,1,2,2,0,1,1
60011,95,6,1,3,1,2,0,0,0,0,0,0
60012,33,6,2,2,2,1,1,1,1,2,1,0
60018,55,6,1,1,2,1,1,2,1,2,1,1
60021,21,6,2,1,1,2,1,0,0,1,1,1
60028,10,6,2,1,1,1,0,0,0,1,1,1
60050,14,6,2,0,1,1,2,4,2,2,2,4
60059,21,6,1,1,2,1,1,3,3,1,1,0
60089,26,6,2,0,1,2,1,0,1,1,0,1
60098,32,6,1,2,1,2,0,0,0,0,0,1
60100,13,6,1,1,1,1,1,3,1,0,1,1
60102,25,6,2,4,2,2,2,4,2,3,2,0
60106,13,6,1,1,1,1,3,2,1,2,3,1
60112,47,6,1,0,1,1,1,1,4,3,1,2
60127,47,6,1,2,1,1,0,0,0,0,0,1
60130,10,6,1,4,3,1,1,1,2,1,2,1
60135,79,6,2,2,3,1,2,2,1,2,2,3
60159,16,6,2,2,0,0,0,3,2,3,0,2
60172,13,6,1,1,3,0,1,1,2,1,3,0
60178,13,6,1,0,3,0,1,2,1,2,2,0
60211,21,6,1,2,2,2,1,3,4,4,2,2
60212,10,6,1,2,2,2,2,3,2,1,1,2
60232,32,6,1,4,3,2,0,0,0,0,0,0
60236,21,6,1,1,1,0,0,0,0,0,0,0
60238,13,6,1,1,1,2,1,1,2,2,0,1
60243,31,6,2,2,2,1,0,1,1,1,1,1
60256,17,6,1,1,2,1,2,1,2,2,1,1
60257,10,6,1,2,2,0,2,2,2,1,2,0
60264,14,6,1,1,2,1,1,2,3,2,3,0
60297,13,6,1,1,2,0,2,3,3,2,3,0
60309,13,6,1,1,4,1,2,3,2,2,4,1
60318,13,6,1,1,1,2,2,2,1,3,4,0
60319,13,6,1,1,3,0,2,3,1,2,4,1
60328,13,6,2,0,4,1,2,2,3,2,3,0
60340,16,6,1,3,3,2,1,1,2,2,1,2
60342,47,6,1,1,2,1,2,3,3,1,2,0
60350,14,6,1,0,2,1,2,2,2,2,2,2
60367,10,6,1,2,2,2,2,2,3,2,4,0
60378,24,6,2,2,4,1,3,1,2,2,4,1
60388,10,6,2,2,4,0,2,2,2,2,2,1
60392,20,6,1,1,2,2,1,2,2,2,2,2
60418,56,6,1,1,1,1,1,0,0,0,0,1
60440,13,6,2,1,1,1,1,0,1,1,0,0
60441,10,6,1,1,1,0,0,0,0,0,0,0
60448,13,6,1,2,3,0,0,2,2,2,2,2
60450,32,6,1,1,1,1,0,1,0,2,2,2
60451,31,6,2,3,1,0,0,0,0,0,0,0
60457,47,6,1,2,2,1,2,1,1,0,1,0
60461,47,6,1,3,2,0,0,0,0,0,0,0
60462,21,6,1,0,0,0,0,0,0,0,0,0
60464,32,6,1,0,0,0,0,0,0,0,0,0
60470,47,6,2,2,1,1,0,3,1,2,2,2
60477,47,6,1,1,1,0,0,2,2,2,2,0
60480,18,6,1,0,2,0,0,0,0,0,0,0
60485,13,6,1,1,1,1,0,1,0,1,1,1
60488,10,6,1,0,0,0,0,0,0,0,0,0
60492,47,6,1,3,3,0,2,2,2,2,2,1
60496,95,6,1,3,3,0,1,1,1,3,1,1
60499,10,6,1,2,1,1,1,2,1,2,1,1
60500,10,6,2,4,3,0,0,0,0,0,0,0
60502,26,6,1,2,1,2,2,2,2,1,2,1
60503,79,6,2,3,2,2,0,0,0,0,0,0
60507,10,6,1,1,3,2,1,1,1,1,1,1
60521,10,6,1,1,2,2,2,1,2,3,1,1
60527,32,6,2,2,0,0,0,0,0,0,0,0
60533,10,6,1,1,1,1,0,1,1,1,1,1
60535,47,6,1,2,2,1,0,0,0,0,0,1
60542,32,6,1,1,1,0,0,1,1,1,1,1
60547,13,6,1,2,1,1,2,3,2,2,2,0
60549,31,6,1,3,2,1,0,3,3,2,2,2
60557,10,6,2,1,0,2,0,3,2,1,2,1
60559,24,6,1,2,2,1,2,3,2,3,2,2
60561,45,6,1,0,1,2,1,2,0,1,2,2
60566,10,6,1,2,2,1,2,2,2,1,3,1
60568,10,6,1,0,0,2,1,1,3,2,0,0
60584,41,6,1,1,4,0,2,1,1,1,1,0
60586,24,6,2,2,2,1,1,2,2,1,1,1
60587,24,6,1,2,3,2,2,2,3,2,3,2
60593,24,6,1,1,2,1,2,4,3,3,3,2
60595,24,6,1,2,2,2,3,2,2,2,2,1
60599,25,6,1,0,3,2,2,2,2,2,1,2
60612,13,6,1,2,3,0,0,0,0,0,0,0
60619,47,6,1,1,0,0,0,0,0,0,0,2
60624,33,6,2,4,0,0,0,0,0,0,0,0
60633,13,6,1,1,4,1,1,2,1,2,1,1
60642,13,6,1,2,4,1,1,2,3,1,4,1
60643,13,6,1,2,2,0,3,3,3,3,4,0
60665,10,6,1,2,3,2,0,0,0,0,0,0
60676,47,6,1,1,2,1,2,3,3,2,1,1
60678,79,6,2,1,2,2,0,3,2,2,2,2
60703,25,4,1,1,1,1,0,1,0,1,1,1
60710,22,6,1,1,3,2,2,3,3,1,2,1
60739,47,6,1,1,1,1,1,1,1,1,1,1
60744,10,6,2,0,1,1,1,2,0,1,1,2
60747,47,6,1,2,2,2,0,2,1,3,1,2
60752,47,6,1,1,1,1,1,1,1,1,1,1
60753,24,6,1,1,1,1,1,3,2,3,1,1
60754,32,6,1,1,0,0,0,0,0,0,0,2
60755,56,6,1,1,0,0,0,0,0,0,0,0
60756,32,6,1,1,0,0,0,0,0,0,0,1
70001,47,7,2,1,2,0,2,1,2,2,2,1
70002,47,7,2,1,1,1,2,2,2,2,2,2
70004,47,7,1,0,2,0,0,0,0,0,0,0
70005,47,7,2,0,2,0,2,1,2,1,1,2
70006,47,7,2,1,1,0,1,3,0,1,1,1
70007,47,7,1,0,2,0,0,0,0,0,0,0
70008,47,7,2,1,2,0,1,1,1,1,2,1
70009,47,7,2,1,1,1,0,0,0,0,0,0
70010,47,7,2,1,1,0,0,0,0,0,0,0
70011,47,7,1,1,1,0,0,0,0,0,0,0
70012,47,7,1,1,1,1,1,1,0,1,0,0
70013,47,7,2,2,2,0,2,1,2,2,2,1
70014,47,7,2,1,0,0,1,1,0,1,1,0
70015,47,7,1,0,2,0,0,0,0,0,0,0
70016,47,7,2,0,0,0,0,1,0,0,0,0
70017,47,7,1,1,1,0,0,0,0,0,0,0
70018,55,7,1,0,1,0,0,0,0,0,0,0
70019,47,7,2,1,0,0,0,1,0,0,0,0
70020,47,7,1,1,1,0,0,0,0,0,0,0
70021,95,7,1,1,1,0,0,0,0,0,0,0
70022,47,7,1,0,2,2,0,0,0,0,0,0
70023,47,7,2,1,0,0,0,1,0,0,0,0
70024,47,7,1,1,1,0,0,1,1,1,0,0
70025,47,7,2,1,1,0,1,1,0,1,2,1
70026,47,7,1,1,1,1,1,1,1,0,0,0
70027,47,7,1,0,1,1,1,0,1,1,0,0
70028,47,7,1,0,1,1,0,1,1,1,0,0
70029,47,7,1,1,1,1,0,0,0,1,0,0
70030,47,7,1,0,1,1,0,0,0,0,0,0
70031,55,7,1,0,1,0,1,0,0,0,0,0
70032,47,7,2,1,0,0,1,1,0,0,1,0
70033,47,7,2,1,1,0,1,0,1,1,0,1
70034,47,7,2,1,1,1,0,1,0,0,0,0
70035,56,7,1,0,0,0,0,0,0,0,0,0
70036,47,7,2,1,1,1,0,1,1,1,1,1
70038,47,7,2,0,0,0,0,1,0,1,0,0
70039,47,7,1,0,2,0,0,0,0,0,0,0
70040,47,7,2,1,0,0,0,1,0,0,0,0
70041,33,7,1,0,1,1,0,0,0,1,0,0
70042,55,7,1,0,0,0,0,0,0,0,0,0
70043,47,7,2,1,0,0,1,1,0,1,1,0
70044,47,7,1,1,1,1,1,1,1,1,0,0
70045,47,7,1,1,1,0,1,1,3,2,0,0
70046,47,7,2,1,0,0,1,1,0,0,1,0
70047,47,7,2,1,1,1,1,0,0,1,0,0
70048,45,7,2,1,0,0,0,0,0,0,0,0
70049,47,7,2,1,2,0,0,0,0,0,0,0
70050,47,7,1,1,2,0,0,0,0,0,0,0
70051,55,7,1,0,0,0,0,0,0,0,0,0
70052,47,7,1,1,0,0,0,0,0,1,0,0
70053,47,7,1,0,2,0,0,0,0,0,0,0
70054,55,7,1,0,1,0,0,0,0,0,0,0
70055,47,7,1,0,2,0,0,0,0,0,0,0
70056,47,7,1,1,2,0,0,1,0,1,0,0
70057,47,7,1,0,2,0,0,1,0,1,0,0
70058,55,7,1,0,2,0,0,0,0,1,0,0
70059,47,7,1,0,2,0,0,0,0,0,0,0
70060,45,7,1,0,1,0,0,0,0,1,0,0
70061,47,7,2,0,2,0,0,0,0,0,0,0
70062,47,7,2,1,3,0,0,0,0,0,0,0
70064,11,7,1,3,0,0,0,0,0,0,0,0
70065,47,7,1,1,1,0,1,1,0,1,0,0
70066,47,7,1,1,1,1,0,1,1,1,0,0
70067,47,7,1,1,1,0,1,0,0,0,0,0
70068,47,7,2,0,0,0,0,3,0,0,1,0
70069,47,7,2,1,1,1,0,1,0,0,0,0
70070,47,7,1,0,2,0,0,1,0,0,0,0
70071,47,7,2,1,0,0,1,0,0,1,1,1
70072,47,7,2,0,0,0,0,1,0,0,0,0
70073,47,7,2,0,2,0,0,0,0,0,0,0
70074,47,7,2,0,1,0,0,0,0,0,0,0
70075,47,7,1,0,0,0,0,0,0,0,0,0
70076,55,7,2,0,1,1,0,0,0,1,0,1
70077,47,7,2,0,0,0,0,1,0,0,1,0
70078,47,7,2,0,1,0,0,0,0,0,0,0
70079,47,7,1,0,2,0,0,0,0,0,0,0
70080,47,7,2,0,1,0,0,0,0,0,0,0
70081,47,7,1,1,1,1,1,1,0,1,0,1
70082,47,7,1,1,1,1,2,2,2,2,1,2
70083,47,7,1,0,1,0,0,0,0,0,0,0
70084,55,7,2,0,1,0,0,0,0,0,0,0
70085,47,7,1,0,1,0,0,0,0,1,1,0
70086,47,7,2,0,0,0,0,1,0,0,0,0
70087,47,7,1,0,2,0,0,0,0,0,0,1
70088,47,7,1,0,2,0,0,0,0,0,0,0
70089,47,7,2,1,0,0,0,1,0,0,0,0
70090,47,7,2,1,1,0,1,1,0,0,1,0
70091,47,7,2,1,1,0,1,2,0,0,1,1
70092,47,7,1,0,2,0,0,0,0,0,0,0
70093,47,7,2,1,0,0,1,1,0,0,0,0
70094,47,7,2,1,0,0,1,1,0,0,1,0
70095,47,7,1,1,1,1,1,0,0,1,0,0
70096,47,7,1,1,1,0,0,0,1,0,0,0
70097,47,7,2,0,0,0,0,1,0,0,0,0
70098,47,7,2,0,0,0,0,1,0,0,0,0
70099,47,7,2,1,1,1,0,0,0,1,0,0
70100,55,7,1,0,2,0,1,1,1,0,0,1
70101,47,7,1,0,2,0,0,0,0,0,0,0
70102,47,7,1,0,2,0,0,0,0,0,0,0
70103,47,7,1,0,1,0,0,0,0,0,0,0
70105,47,7,1,1,3,0,0,0,0,0,0,0
70106,47,7,1,1,1,1,0,1,1,0,0,1
80003,10,8,1,3,1,3,3,3,3,3,2,3
80006,13,8,2,3,3,2,2,3,1,3,2,2
80007,13,8,2,0,1,1,3,3,3,2,2,2
80011,47,8,1,3,2,1,3,2,3,3,2,2
80012,47,8,2,2,2,1,3,4,3,3,3,2
80018,47,8,2,2,3,2,1,2,3,2,2,2
80021,47,8,2,3,2,3,2,3,3,2,3,2
80026,26,8,2,1,1,1,4,3,3,3,2,1
80028,47,8,2,1,1,1,0,2,2,0,1,1
80037,10,8,1,3,3,3,3,3,3,2,3,3
80041,10,8,2,3,2,2,2,3,3,2,2,3
80046,31,8,1,3,1,2,2,1,3,3,2,3
80052,15,8,2,3,2,3,2,2,2,2,2,3
80054,47,8,1,0,0,0,0,1,1,1,1,1
80057,10,8,2,2,3,1,2,2,2,2,2,2
80059,47,8,2,3,2,2,3,3,2,2,3,3
80061,10,8,2,3,2,3,3,1,1,3,2,3
80063,10,8,1,3,2,2,3,3,3,3,3,2
80070,10,8,2,2,2,2,2,3,2,2,3,2
80075,10,8,1,3,1,3,3,3,3,3,3,3
80084,47,8,2,1,2,2,4,3,3,3,2,2
80089,15,8,1,1,1,1,1,3,3,1,1,1
80100,13,8,1,0,1,1,0,3,3,2,2,1
80103,41,8,1,3,3,3,3,2,3,3,3,3
80105,41,8,1,2,1,3,3,2,2,2,2,3
80106,47,8,1,2,3,2,3,3,3,3,3,3
80112,47,8,1,3,2,3,2,2,1,2,2,2
80114,31,8,2,2,1,2,2,1,3,2,2,3
80127,95,8,2,3,2,3,4,2,2,2,2,3
80128,47,8,1,3,3,3,4,3,3,3,4,3
80129,32,8,1,3,3,2,2,4,3,4,4,2
80130,41,8,1,3,3,3,3,3,3,2,3,3
80134,16,8,2,2,2,1,2,3,3,3,3,3
80135,13,8,1,3,2,2,2,2,2,2,2,3
80140,16,8,2,2,2,2,2,3,3,3,3,2
80143,10,8,2,2,1,2,1,3,3,3,2,1
80153,41,8,1,2,3,4,3,4,3,3,3,3
80172,47,8,2,3,2,3,1,3,3,3,3,4
80178,33,8,1,3,3,2,3,3,3,3,3,3
80183,47,8,2,3,2,1,2,2,2,1,3,2
80186,13,8,2,3,2,1,2,3,3,3,3,3
80193,10,8,1,1,2,3,2,2,3,3,3,2
80194,28,8,1,2,1,3,2,3,4,4,3,2
80195,28,8,1,0,1,1,1,3,3,2,1,1
80201,95,8,2,3,2,3,2,2,2,3,4,2
80205,41,8,2,2,3,2,2,3,3,3,3,3
80206,32,8,2,2,2,2,2,2,2,3,2,3
80211,10,8,2,2,3,2,4,3,3,3,3,2
80212,47,8,2,3,3,2,3,3,3,3,3,3
80213,47,8,1,1,0,2,3,2,2,2,2,2
80215,56,8,1,2,2,3,3,2,2,2,2,2
80220,25,8,2,2,3,3,3,3,2,2,2,2
80226,10,8,2,3,3,2,2,2,3,2,2,2
80227,32,8,2,2,2,2,2,3,4,3,2,3
80228,28,1,2,1,1,1,1,0,3,3,4,0
80236,47,8,2,2,1,2,2,3,3,2,3,2
80240,32,8,2,2,1,3,2,2,3,2,3,2
80256,47,8,2,3,3,2,2,3,3,3,3,2
80257,47,8,2,3,2,2,1,2,2,2,2,3
80264,47,8,1,2,1,2,2,2,2,2,3,3
80266,13,8,2,2,2,3,2,2,3,2,2,4
80269,15,8,1,3,2,3,3,4,4,3,3,3
80278,13,8,1,4,3,3,2,3,3,3,3,3
80281,10,8,2,2,2,2,4,3,3,3,3,3
80297,47,8,2,2,3,3,3,2,1,1,1,2
80309,47,8,2,2,2,2,3,3,3,3,2,2
80318,47,8,2,2,1,2,3,3,3,3,3,2
80319,47,8,2,3,1,2,4,3,2,2,3,2
80328,47,8,2,2,3,3,2,3,3,3,3,2
80342,47,8,2,2,2,2,3,2,2,4,2,2
80346,10,8,2,2,2,4,1,4,4,3,3,4
80350,47,8,2,2,1,0,3,2,2,3,3,2
80356,28,8,1,0,2,2,2,3,2,2,2,1
80357,26,8,1,2,2,3,2,3,3,3,2,3
80360,41,8,2,2,3,2,2,3,3,3,3,2
80370,10,8,1,2,2,0,2,2,3,3,2,2
80378,22,8,2,3,3,3,4,4,4,3,4,3
80385,10,8,2,2,2,2,2,2,3,2,1,2
80386,31,8,2,2,3,2,2,3,2,2,2,3
80388,22,8,1,2,2,2,3,4,2,2,2,3
80392,13,8,1,0,3,3,1,3,4,1,2,0
80394,41,8,1,3,2,3,2,3,1,2,1,3
80395,10,8,1,3,2,3,2,3,3,1,4,2
80440,47,8,2,1,1,1,0,3,3,1,3,1
80446,47,8,2,0,1,1,1,3,3,1,1,1
80448,47,8,1,2,1,0,0,3,3,4,3,2
80451,47,8,2,2,2,2,2,3,3,3,3,2
80452,24,8,1,3,2,2,2,2,3,2,2,3
80453,47,8,2,3,2,2,3,2,2,2,2,2
80454,33,8,2,2,2,2,2,3,3,3,3,3
80455,32,8,2,2,2,3,2,2,3,2,3,2
80462,18,8,2,3,3,2,2,3,3,2,2,2
80464,41,8,1,3,1,3,3,2,3,3,3,3
80470,47,8,1,3,0,3,2,3,3,3,3,2
80477,47,8,2,2,2,2,2,2,3,3,2,2
80478,28,8,2,1,1,1,2,2,2,3,3,2
80479,28,8,2,4,2,2,3,2,2,2,2,3
80480,47,8,2,2,2,2,3,2,2,2,3,2
80481,10,8,1,3,1,2,0,2,3,3,2,3
80485,47,8,1,3,2,2,2,3,3,3,3,3
80492,41,8,2,1,2,3,2,2,3,3,2,2
80495,47,8,1,0,1,1,1,4,4,1,3,1
80496,14,8,2,3,3,2,2,2,3,3,2,2
80497,28,8,2,2,2,3,2,2,1,2,3,2
80502,41,8,2,2,1,2,2,3,3,2,3,2
80503,10,8,1,3,1,2,3,2,3,2,3,2
80521,47,8,2,3,2,2,3,2,2,3,2,2
90002,11,9,1,1,0,3,1,0,0,0,0,0
90007,47,9,1,0,0,0,0,0,0,0,0,0
90011,22,9,1,0,0,0,0,0,0,0,0,0
90012,22,9,1,2,0,0,0,0,2,0,2,0
90018,47,9,1,0,0,0,0,0,0,0,0,0
90021,47,9,1,0,0,0,0,0,0,0,0,0
90026,41,9,1,0,0,0,0,0,0,0,0,0
90028,47,9,1,0,4,0,0,0,0,0,0,0
90030,33,9,1,2,2,2,0,2,1,1,1,1
90031,23,9,1,3,2,0,0,0,0,0,0,0
90033,33,9,1,0,0,0,0,0,0,0,0,2
90034,33,9,1,0,0,0,0,0,0,0,0,0
90035,33,9,1,3,3,3,0,1,0,0,0,0
90046,31,9,1,0,0,0,0,3,0,0,0,2
90049,22,9,1,0,0,0,1,0,0,0,0,2
90052,47,9,1,2,3,3,0,3,3,0,0,0
90054,47,9,1,2,3,3,0,3,2,0,3,0
90059,25,9,1,0,0,0,0,0,0,0,0,0
90060,25,9,1,0,0,0,0,0,0,0,0,1
90061,25,9,1,2,0,0,0,1,1,2,2,1
90063,25,9,1,2,3,4,0,3,1,0,2,0
90078,47,9,1,2,0,0,0,0,0,0,0,0
90082,47,9,1,0,0,3,0,3,0,0,0,1
90084,26,9,1,2,0,0,0,0,0,0,0,1
90089,13,9,1,0,1,3,0,0,0,0,0,0
90094,56,9,1,2,0,0,0,3,3,0,4,1
90100,47,9,1,2,3,3,0,0,0,0,0,0
90103,95,9,1,1,3,3,0,3,0,0,2,0
90106,22,9,1,0,0,0,0,0,0,0,0,0
90110,31,9,1,2,0,0,0,0,0,0,0,1
90112,47,9,1,0,0,0,0,0,0,0,0,2
90117,47,9,1,1,3,2,1,0,0,0,0,0
90122,58,9,1,0,4,0,0,0,0,0,0,1
90127,22,9,1,0,0,0,0,0,0,0,0,0
90128,47,9,1,0,0,0,0,0,0,0,0,0
90129,47,9,1,0,0,0,0,0,0,0,0,0
90130,61,9,1,3,3,3,0,0,0,0,0,0
90131,32,9,1,0,3,3,0,3,3,3,3,1
90135,10,9,1,2,0,0,0,2,2,2,1,0
90136,33,9,1,0,0,0,0,0,0,0,0,0
90137,33,9,1,0,0,0,0,0,0,0,0,0
90138,33,9,1,3,3,3,0,0,0,0,2,0
90139,33,9,1,3,3,3,0,3,0,0,3,0
90144,31,9,1,0,0,0,0,0,0,0,0,2
90150,33,9,1,1,3,3,0,2,0,0,2,0
90154,31,9,1,0,0,0,0,0,0,0,0,0
90159,25,9,1,0,0,0,0,0,0,0,0,0
90160,31,9,1,0,0,0,2,0,0,0,0,0
90165,31,9,1,3,3,2,0,0,0,0,0,1
90172,28,9,1,0,0,0,0,0,0,0,0,2
90178,47,9,1,0,0,0,0,0,0,0,0,0
90179,56,9,1,0,0,0,0,3,0,0,0,1
90183,61,9,1,2,3,3,0,2,0,0,2,0
90185,14,9,1,2,3,3,1,3,3,1,4,1
90197,16,9,1,1,3,3,0,3,1,0,3,0
90201,47,9,1,0,0,0,0,0,3,0,0,1
90207,16,9,1,2,0,1,0,0,0,0,1,0
90211,47,9,1,0,3,2,0,3,2,0,2,0
90212,33,9,1,0,0,0,0,0,0,0,0,0
90213,79,9,1,2,0,0,0,0,0,0,2,2
90214,47,9,1,0,0,0,0,0,0,0,0,1
90227,33,9,1,0,0,0,0,0,0,0,0,0
90228,47,9,1,1,3,3,0,3,1,0,3,0
90238,47,9,1,0,3,3,0,3,0,0,0,0
90256,47,9,1,2,3,0,0,3,3,0,2,0
90258,79,9,1,1,3,3,0,3,0,0,0,0
90264,47,9,1,0,0,0,0,0,0,0,0,2
90290,25,9,1,0,0,0,0,0,0,0,0,0
90292,25,9,1,2,2,3,0,1,0,0,2,0
90293,25,9,1,2,0,0,0,0,0,0,0,0
90296,25,9,1,3,0,2,1,1,1,1,1,1
90297,47,9,1,2,1,0,0,1,0,1,1,0
90299,25,9,1,2,0,3,0,0,0,0,0,0
90300,25,9,1,2,2,2,0,0,0,0,0,0
90305,25,9,1,0,0,0,0,0,0,0,0,1
90306,15,9,1,1,3,3,0,4,0,1,3,0
90308,25,9,1,0,0,0,0,0,0,0,0,0
90309,47,9,1,2,0,0,0,2,0,0,0,0
90313,25,9,1,0,0,0,0,0,0,0,0,0
90316,25,9,1,0,0,0,0,0,0,0,0,0
90318,47,9,1,0,0,3,2,3,0,1,1,1
90319,47,9,1,2,0,0,0,0,0,0,0,1
90320,25,9,1,0,0,0,0,1,0,1,0,2
90321,25,9,1,2,2,3,0,1,1,0,1,0
90326,16,9,1,0,0,0,0,0,0,0,0,0
90328,25,9,1,1,1,0,0,0,0,0,0,0
90329,25,9,1,2,3,0,0,0,0,0,0,2
90330,25,9,1,2,3,0,0,1,1,1,1,0
90331,24,9,1,0,0,0,0,0,0,0,0,0
90332,26,9,1,2,0,0,0,0,0,0,0,0
90334,25,9,1,2,2,3,0,3,0,0,3,0
90342,47,9,1,1,0,2,0,1,0,1,1,0
90350,47,9,2,0,0,0,0,0,0,0,0,1
90351,10,9,1,4,2,2,1,1,1,1,1,1
90369,33,9,1,4,3,3,1,3,3,3,3,2
90381,31,9,1,0,0,0,0,0,0,0,0,1
90388,47,9,1,2,3,3,0,2,0,3,2,0
90392,47,9,1,0,0,0,0,0,0,0,0,0
90396,16,9,1,0,0,0,0,0,0,0,0,0
90397,47,9,1,0,0,0,0,0,0,0,0,0
90400,47,9,1,1,3,3,0,3,0,0,1,0
90419,28,9,1,0,0,0,0,0,0,0,0,0
90426,10,9,1,1,3,2,0,0,0,0,0,0
90440,47,9,1,0,0,0,0,1,0,0,1,0
90446,47,9,1,1,0,0,0,0,0,0,0,0
90448,47,9,1,2,1,2,1,2,1,0,0,2
90453,47,9,1,1,3,3,0,3,0,0,3,0
90455,15,9,1,0,0,0,0,2,0,0,0,2
90456,16,9,1,2,3,2,0,2,1,1,1,0
90461,14,9,1,2,0,0,1,2,2,2,2,1
90462,61,9,1,0,0,0,0,0,0,0,0,2
90470,33,9,1,0,0,4,4,0,0,0,0,0
90473,15,9,1,2,2,3,0,3,0,0,2,0
90477,21,9,1,1,3,2,0,3,2,2,2,2
90486,56,9,1,2,0,0,0,0,0,0,0,2
90492,47,9,1,1,3,3,0,3,3,0,3,0
90495,47,9,1,0,0,0,0,3,2,0,4,2
90496,47,9,1,0,0,0,0,0,0,0,0,0
90502,25,9,1,2,3,3,0,0,0,0,0,0
90509,16,9,1,1,3,0,0,2,3,0,2,0
90521,47,9,1,0,0,2,0,0,0,0,0,0
